{
    "answers": {
        "request001": {
            "result": true,
            "relevance": [
                {
                    "docid": 2,
                    "rank": 0.9900000095367432
                },
                {
                    "docid": 1,
                    "rank": 0.8500000238418579
                },
                {
                    "docid": 3,
                    "rank": 0.7400000095367432
                }
            ]
        },
        "request002": {
            "result": true,
            "relevance": [
                {
                    "docid": 1,
                    "rank": 0.5299999713897705
                },
                {
                    "docid": 3,
                    "rank": 0.2199999988079071
                }
            ]
        },
        "request003": {
            "result": true,
            "docid": 0,
            "rank": 0.0
        },
        "request004": {
            "result": true,
            "docid": 3,
            "rank": 0.11999999731779099
        }
    }
}